,Region,Zoning ID,Expectation,Standard Deviation,Median,2.5th Percentile,97.5th Percentile,"[0.0,0.5)","[0.5,1.0)","[1.0,5.0)","[5.0,10.0)","[10.0,10000.0)"
0,Entire HK,0,56.443,43.20819078600723,87.0,0.0,97.0,0.1451,0.0,0.0,0.0,0.8549
1,HK Island,1,56.443,43.20819078600723,87.0,0.0,97.0,0.1451,0.0,0.0,0.0,0.8549
2,Kowloon,2,0.0,0.0,0.0,0.0,0.0,1.0,0.0,0.0,0.0,0.0
3,NT East,3,0.0,0.0,0.0,0.0,0.0,1.0,0.0,0.0,0.0,0.0
4,NT West,4,0.0,0.0,0.0,0.0,0.0,1.0,0.0,0.0,0.0,0.0
5,Lantau Island,5,0.0,0.0,0.0,0.0,0.0,1.0,0.0,0.0,0.0,0.0
